,density,pres,pi,pi_method,tres,gor,wct
TemplateWell2_SOURCE,828.094000000,125.000000000,2.097669100,PI,81.000002073,118.124000000,27.000001000